ID,Type,SKU,Name,Published,"Is featured?","Visibility in catalog","Short description",Description,"Sale price","Regular price",Categories,Tags,Images,Stock,"Backorders allowed?","Weight (kg)"
1,simple,SHOE-0001,"Nike Air Zoom Pegasus 41",1,1,visible,"Giày chạy bộ nhẹ, đệm Zoom Air êm ái","Giày chạy bộ nhẹ, đệm Zoom Air êm ái. Sản phẩm chính hãng 100%, bảo hành 12 tháng. Freeship cho đơn từ 1.000.000đ.",2890000,3290000,"Giày Chạy Bộ","Giảm giá, Bán chạy",http://localhost/web-ban-giay/wp-content/uploads/product-images/shoe-1.jpg,50,0,0.8
2,simple,SHOE-0002,"Nike Revolution 7",1,1,visible,"Giày chạy đường dài, thoáng khí","Giày chạy đường dài, thoáng khí. Sản phẩm chính hãng 100%, bảo hành 12 tháng. Freeship cho đơn từ 1.000.000đ.",1590000,1890000,"Giày Chạy Bộ","Giảm giá, Bán chạy",http://localhost/web-ban-giay/wp-content/uploads/product-images/shoe-4.jpg,50,0,0.8
3,simple,SHOE-0003,"Adidas Ultraboost Light",1,0,visible,"Đệm Boost siêu nhẹ, đế Continental","Đệm Boost siêu nhẹ, đế Continental. Sản phẩm chính hãng 100%, bảo hành 12 tháng. Freeship cho đơn từ 1.000.000đ.",4290000,4890000,"Giày Chạy Bộ","Giảm giá, Bán chạy",http://localhost/web-ban-giay/wp-content/uploads/product-images/shoe-2.jpg,50,0,0.8
4,simple,SHOE-0004,"Adidas Supernova Rise",1,0,visible,"Giày chạy ổn định, Dreamstrike+","Giày chạy ổn định, Dreamstrike+. Sản phẩm chính hãng 100%, bảo hành 12 tháng. Freeship cho đơn từ 1.000.000đ.",2690000,3190000,"Giày Chạy Bộ","Giảm giá",http://localhost/web-ban-giay/wp-content/uploads/product-images/shoe-3.jpg,50,0,0.8
5,simple,SHOE-0005,"New Balance Fresh Foam X 1080v13",1,0,visible,"Đệm Fresh Foam X cao cấp","Đệm Fresh Foam X cao cấp. Sản phẩm chính hãng 100%, bảo hành 12 tháng. Freeship cho đơn từ 1.000.000đ.",3890000,4390000,"Giày Chạy Bộ","Giảm giá",http://localhost/web-ban-giay/wp-content/uploads/product-images/shoe-10.jpg,50,0,0.8
6,simple,SHOE-0006,"New Balance FuelCell Rebel v4",1,0,visible,"Tốc độ cao, đế FuelCell nhẹ","Tốc độ cao, đế FuelCell nhẹ. Sản phẩm chính hãng 100%, bảo hành 12 tháng. Freeship cho đơn từ 1.000.000đ.",3290000,3690000,"Giày Chạy Bộ","Giảm giá",http://localhost/web-ban-giay/wp-content/uploads/product-images/shoe-5.jpg,50,0,0.8
7,simple,SHOE-0007,"Asics Gel-Nimbus 26",1,0,visible,"Đệm Gel tối ưu, FlyteFoam","Đệm Gel tối ưu, FlyteFoam. Sản phẩm chính hãng 100%, bảo hành 12 tháng. Freeship cho đơn từ 1.000.000đ.",3590000,4190000,"Giày Chạy Bộ","Giảm giá",http://localhost/web-ban-giay/wp-content/uploads/product-images/shoe-2.jpg,50,0,0.8
8,simple,SHOE-0008,"Asics Gel-Kayano 31",1,0,visible,"Ổn định cao cấp, 4D Guidance","Ổn định cao cấp, 4D Guidance. Sản phẩm chính hãng 100%, bảo hành 12 tháng. Freeship cho đơn từ 1.000.000đ.",4090000,4590000,"Giày Chạy Bộ","Giảm giá",http://localhost/web-ban-giay/wp-content/uploads/product-images/shoe-3.jpg,50,0,0.8
9,simple,SHOE-0009,"Puma Velocity Nitro 3",1,0,visible,"Đế Nitro Foam phản hồi tốt","Đế Nitro Foam phản hồi tốt. Sản phẩm chính hãng 100%, bảo hành 12 tháng. Freeship cho đơn từ 1.000.000đ.",2490000,2890000,"Giày Chạy Bộ","Giảm giá",http://localhost/web-ban-giay/wp-content/uploads/product-images/shoe-5.jpg,50,0,0.8
10,simple,SHOE-0010,"Hoka Clifton 9",1,0,visible,"Đệm dày siêu nhẹ, meta-rocker","Đệm dày siêu nhẹ, meta-rocker. Sản phẩm chính hãng 100%, bảo hành 12 tháng. Freeship cho đơn từ 1.000.000đ.",3490000,3990000,"Giày Chạy Bộ","Giảm giá",http://localhost/web-ban-giay/wp-content/uploads/product-images/shoe-1.jpg,50,0,0.8
11,simple,SHOE-0011,"Hoka Bondi 8",1,0,visible,"Đệm tối đa, thoải mái suốt ngày","Đệm tối đa, thoải mái suốt ngày. Sản phẩm chính hãng 100%, bảo hành 12 tháng. Freeship cho đơn từ 1.000.000đ.",3990000,4490000,"Giày Chạy Bộ","Giảm giá",http://localhost/web-ban-giay/wp-content/uploads/product-images/shoe-2.jpg,50,0,0.8
12,simple,SHOE-0012,"Saucony Kinvara 14",1,0,visible,"Nhẹ, linh hoạt, drop 4mm","Nhẹ, linh hoạt, drop 4mm. Sản phẩm chính hãng 100%, bảo hành 12 tháng. Freeship cho đơn từ 1.000.000đ.",2890000,3290000,"Giày Chạy Bộ","Giảm giá",http://localhost/web-ban-giay/wp-content/uploads/product-images/shoe-7.jpg,50,0,0.8
13,simple,SHOE-0013,"Brooks Ghost 16",1,0,visible,"Đệm DNA Loft êm, bền bỉ","Đệm DNA Loft êm, bền bỉ. Sản phẩm chính hãng 100%, bảo hành 12 tháng. Freeship cho đơn từ 1.000.000đ.",3190000,3690000,"Giày Chạy Bộ","Giảm giá",http://localhost/web-ban-giay/wp-content/uploads/product-images/shoe-10.jpg,50,0,0.8
14,simple,SHOE-0014,"Mizuno Wave Rider 27",1,0,visible,"Công nghệ Wave, ổn định mượt","Công nghệ Wave, ổn định mượt. Sản phẩm chính hãng 100%, bảo hành 12 tháng. Freeship cho đơn từ 1.000.000đ.",2990000,3490000,"Giày Chạy Bộ","Giảm giá",http://localhost/web-ban-giay/wp-content/uploads/product-images/shoe-9.jpg,50,0,0.8
15,simple,SHOE-0015,"Nike Air Force 1 Low",1,1,visible,"Sneaker cổ điển da trắng","Sneaker cổ điển da trắng. Sản phẩm chính hãng 100%, bảo hành 12 tháng. Freeship cho đơn từ 1.000.000đ.",2690000,2990000,"Giày Sneaker","Giảm giá, Bán chạy",http://localhost/web-ban-giay/wp-content/uploads/product-images/shoe-3.jpg,50,0,0.8
16,simple,SHOE-0016,"Nike Dunk Low Retro",1,1,visible,"Phong cách retro, da chất lượng","Phong cách retro, da chất lượng. Sản phẩm chính hãng 100%, bảo hành 12 tháng. Freeship cho đơn từ 1.000.000đ.",2890000,3290000,"Giày Sneaker","Giảm giá, Bán chạy",http://localhost/web-ban-giay/wp-content/uploads/product-images/shoe-3.jpg,50,0,0.8
17,simple,SHOE-0017,"Nike Air Max 90",1,0,visible,"Thiết kế iconic, đệm Air Max","Thiết kế iconic, đệm Air Max. Sản phẩm chính hãng 100%, bảo hành 12 tháng. Freeship cho đơn từ 1.000.000đ.",3290000,3690000,"Giày Sneaker","Giảm giá, Bán chạy",http://localhost/web-ban-giay/wp-content/uploads/product-images/shoe-8.jpg,50,0,0.8
18,simple,SHOE-0018,"Nike Air Max 97",1,0,visible,"Dáng sóng nước đặc trưng","Dáng sóng nước đặc trưng. Sản phẩm chính hãng 100%, bảo hành 12 tháng. Freeship cho đơn từ 1.000.000đ.",3690000,4190000,"Giày Sneaker","Giảm giá",http://localhost/web-ban-giay/wp-content/uploads/product-images/shoe-6.jpg,50,0,0.8
19,simple,SHOE-0019,"Adidas Stan Smith",1,0,visible,"Sneaker da trắng kinh điển","Sneaker da trắng kinh điển. Sản phẩm chính hãng 100%, bảo hành 12 tháng. Freeship cho đơn từ 1.000.000đ.",2190000,2590000,"Giày Sneaker","Giảm giá",http://localhost/web-ban-giay/wp-content/uploads/product-images/shoe-6.jpg,50,0,0.8
20,simple,SHOE-0020,"Adidas Samba OG",1,0,visible,"Phong cách retro bóng đá","Phong cách retro bóng đá. Sản phẩm chính hãng 100%, bảo hành 12 tháng. Freeship cho đơn từ 1.000.000đ.",2490000,2890000,"Giày Sneaker","Giảm giá",http://localhost/web-ban-giay/wp-content/uploads/product-images/shoe-8.jpg,50,0,0.8
21,simple,SHOE-0021,"Adidas Gazelle",1,0,visible,"Thiết kế suede cổ điển","Thiết kế suede cổ điển. Sản phẩm chính hãng 100%, bảo hành 12 tháng. Freeship cho đơn từ 1.000.000đ.",2290000,2690000,"Giày Sneaker","Giảm giá",http://localhost/web-ban-giay/wp-content/uploads/product-images/shoe-4.jpg,50,0,0.8
22,simple,SHOE-0022,"New Balance 574",1,0,visible,"Sneaker di sản, phối màu đa dạng","Sneaker di sản, phối màu đa dạng. Sản phẩm chính hãng 100%, bảo hành 12 tháng. Freeship cho đơn từ 1.000.000đ.",2390000,2790000,"Giày Sneaker","Giảm giá",http://localhost/web-ban-giay/wp-content/uploads/product-images/shoe-6.jpg,50,0,0.8
23,simple,SHOE-0023,"New Balance 550",1,0,visible,"Phong cách bóng rổ retro","Phong cách bóng rổ retro. Sản phẩm chính hãng 100%, bảo hành 12 tháng. Freeship cho đơn từ 1.000.000đ.",2890000,3290000,"Giày Sneaker","Giảm giá",http://localhost/web-ban-giay/wp-content/uploads/product-images/shoe-6.jpg,50,0,0.8
24,simple,SHOE-0024,"Puma Suede Classic",1,0,visible,"Da suede mềm, đế gum","Da suede mềm, đế gum. Sản phẩm chính hãng 100%, bảo hành 12 tháng. Freeship cho đơn từ 1.000.000đ.",1890000,2290000,"Giày Sneaker","Giảm giá",http://localhost/web-ban-giay/wp-content/uploads/product-images/shoe-5.jpg,50,0,0.8
25,simple,SHOE-0025,"Converse Chuck Taylor All Star",1,0,visible,"Canvas cổ điển mọi thời đại","Canvas cổ điển mọi thời đại. Sản phẩm chính hãng 100%, bảo hành 12 tháng. Freeship cho đơn từ 1.000.000đ.",1290000,1590000,"Giày Sneaker","Giảm giá",http://localhost/web-ban-giay/wp-content/uploads/product-images/shoe-10.jpg,50,0,0.8
26,simple,SHOE-0026,"Converse Chuck 70",1,0,visible,"Phiên bản premium, đệm tốt hơn","Phiên bản premium, đệm tốt hơn. Sản phẩm chính hãng 100%, bảo hành 12 tháng. Freeship cho đơn từ 1.000.000đ.",1690000,1990000,"Giày Sneaker","Giảm giá",http://localhost/web-ban-giay/wp-content/uploads/product-images/shoe-7.jpg,50,0,0.8
27,simple,SHOE-0027,"Vans Old Skool",1,0,visible,"Side stripe biểu tượng, canvas bền","Side stripe biểu tượng, canvas bền. Sản phẩm chính hãng 100%, bảo hành 12 tháng. Freeship cho đơn từ 1.000.000đ.",1490000,1790000,"Giày Sneaker","Giảm giá",http://localhost/web-ban-giay/wp-content/uploads/product-images/shoe-6.jpg,50,0,0.8
28,simple,SHOE-0028,"Reebok Classic Leather",1,0,visible,"Da mềm, phong cách retro","Da mềm, phong cách retro. Sản phẩm chính hãng 100%, bảo hành 12 tháng. Freeship cho đơn từ 1.000.000đ.",1890000,2290000,"Giày Sneaker","Giảm giá",http://localhost/web-ban-giay/wp-content/uploads/product-images/shoe-7.jpg,50,0,0.8
29,simple,SHOE-0029,"Nike Blazer Mid 77",1,0,visible,"Cổ mid vintage, da premium","Cổ mid vintage, da premium. Sản phẩm chính hãng 100%, bảo hành 12 tháng. Freeship cho đơn từ 1.000.000đ.",2490000,2890000,"Giày Sneaker","Giảm giá",http://localhost/web-ban-giay/wp-content/uploads/product-images/shoe-6.jpg,50,0,0.8
30,simple,SHOE-0030,"Nike LeBron 21",1,1,visible,"Zoom Air đôi, Cushlon 3.0","Zoom Air đôi, Cushlon 3.0. Sản phẩm chính hãng 100%, bảo hành 12 tháng. Freeship cho đơn từ 1.000.000đ.",4990000,5490000,"Giày Bóng Rổ","Giảm giá, Bán chạy",http://localhost/web-ban-giay/wp-content/uploads/product-images/shoe-8.jpg,50,0,0.8
31,simple,SHOE-0031,"Nike KD 17",1,1,visible,"Nhẹ, linh hoạt, Zoom Strobel","Nhẹ, linh hoạt, Zoom Strobel. Sản phẩm chính hãng 100%, bảo hành 12 tháng. Freeship cho đơn từ 1.000.000đ.",3990000,4490000,"Giày Bóng Rổ","Giảm giá, Bán chạy",http://localhost/web-ban-giay/wp-content/uploads/product-images/shoe-7.jpg,50,0,0.8
32,simple,SHOE-0032,"Nike Giannis Immortality 4",1,0,visible,"Bền bỉ, grip tốt sân outdoor","Bền bỉ, grip tốt sân outdoor. Sản phẩm chính hãng 100%, bảo hành 12 tháng. Freeship cho đơn từ 1.000.000đ.",2490000,2890000,"Giày Bóng Rổ","Giảm giá, Bán chạy",http://localhost/web-ban-giay/wp-content/uploads/product-images/shoe-6.jpg,50,0,0.8
33,simple,SHOE-0033,"Nike Ja 2",1,0,visible,"Nhẹ nhất dòng signature","Nhẹ nhất dòng signature. Sản phẩm chính hãng 100%, bảo hành 12 tháng. Freeship cho đơn từ 1.000.000đ.",2690000,3090000,"Giày Bóng Rổ","Giảm giá",http://localhost/web-ban-giay/wp-content/uploads/product-images/shoe-6.jpg,50,0,0.8
34,simple,SHOE-0034,"Adidas Harden Vol 8",1,0,visible,"Boost đệm, traction tốt","Boost đệm, traction tốt. Sản phẩm chính hãng 100%, bảo hành 12 tháng. Freeship cho đơn từ 1.000.000đ.",3490000,3990000,"Giày Bóng Rổ","Giảm giá",http://localhost/web-ban-giay/wp-content/uploads/product-images/shoe-9.jpg,50,0,0.8
35,simple,SHOE-0035,"Adidas AE 1",1,0,visible,"Anthony Edwards, nhẹ và nhanh","Anthony Edwards, nhẹ và nhanh. Sản phẩm chính hãng 100%, bảo hành 12 tháng. Freeship cho đơn từ 1.000.000đ.",3290000,3690000,"Giày Bóng Rổ","Giảm giá",http://localhost/web-ban-giay/wp-content/uploads/product-images/shoe-6.jpg,50,0,0.8
36,simple,SHOE-0036,"Adidas D.O.N. Issue 5",1,0,visible,"Lightstrike, đa năng","Lightstrike, đa năng. Sản phẩm chính hãng 100%, bảo hành 12 tháng. Freeship cho đơn từ 1.000.000đ.",2490000,2890000,"Giày Bóng Rổ","Giảm giá",http://localhost/web-ban-giay/wp-content/uploads/product-images/shoe-6.jpg,50,0,0.8
37,simple,SHOE-0037,"New Balance TWO WXY v4",1,0,visible,"FuelCell, grip sân trong","FuelCell, grip sân trong. Sản phẩm chính hãng 100%, bảo hành 12 tháng. Freeship cho đơn từ 1.000.000đ.",2990000,3490000,"Giày Bóng Rổ","Giảm giá",http://localhost/web-ban-giay/wp-content/uploads/product-images/shoe-5.jpg,50,0,0.8
38,simple,SHOE-0038,"Puma MB.03",1,0,visible,"LaMelo Ball, Nitro Foam","LaMelo Ball, Nitro Foam. Sản phẩm chính hãng 100%, bảo hành 12 tháng. Freeship cho đơn từ 1.000.000đ.",3290000,3690000,"Giày Bóng Rổ","Giảm giá",http://localhost/web-ban-giay/wp-content/uploads/product-images/shoe-1.jpg,50,0,0.8
39,simple,SHOE-0039,"Under Armour Curry 11",1,0,visible,"Flow đế liền, nhẹ nhất","Flow đế liền, nhẹ nhất. Sản phẩm chính hãng 100%, bảo hành 12 tháng. Freeship cho đơn từ 1.000.000đ.",3990000,4490000,"Giày Bóng Rổ","Giảm giá",http://localhost/web-ban-giay/wp-content/uploads/product-images/shoe-9.jpg,50,0,0.8
40,simple,SHOE-0040,"Jordan Luka 3",1,0,visible,"Phản hồi tốt, ổn định cao","Phản hồi tốt, ổn định cao. Sản phẩm chính hãng 100%, bảo hành 12 tháng. Freeship cho đơn từ 1.000.000đ.",3490000,3990000,"Giày Bóng Rổ","Giảm giá",http://localhost/web-ban-giay/wp-content/uploads/product-images/shoe-8.jpg,50,0,0.8
41,simple,SHOE-0041,"Jordan Tatum 3",1,0,visible,"Nhẹ, nhanh cho guard","Nhẹ, nhanh cho guard. Sản phẩm chính hãng 100%, bảo hành 12 tháng. Freeship cho đơn từ 1.000.000đ.",2890000,3290000,"Giày Bóng Rổ","Giảm giá",http://localhost/web-ban-giay/wp-content/uploads/product-images/shoe-7.jpg,50,0,0.8
42,simple,SHOE-0042,"Nike Book 1",1,0,visible,"Devin Booker, Air Zoom","Devin Booker, Air Zoom. Sản phẩm chính hãng 100%, bảo hành 12 tháng. Freeship cho đơn từ 1.000.000đ.",3290000,3690000,"Giày Bóng Rổ","Giảm giá",http://localhost/web-ban-giay/wp-content/uploads/product-images/shoe-7.jpg,50,0,0.8
43,simple,SHOE-0043,"Nike Mercurial Superfly 10 Elite FG",1,1,visible,"Tốc độ tối đa, Vaporposite+","Tốc độ tối đa, Vaporposite+. Sản phẩm chính hãng 100%, bảo hành 12 tháng. Freeship cho đơn từ 1.000.000đ.",5990000,6490000,"Giày Đá Bóng","Giảm giá, Bán chạy",http://localhost/web-ban-giay/wp-content/uploads/product-images/shoe-1.jpg,50,0,0.8
44,simple,SHOE-0044,"Nike Mercurial Vapor 16 Elite FG",1,1,visible,"Nhẹ, bám sân tự nhiên","Nhẹ, bám sân tự nhiên. Sản phẩm chính hãng 100%, bảo hành 12 tháng. Freeship cho đơn từ 1.000.000đ.",5490000,5990000,"Giày Đá Bóng","Giảm giá, Bán chạy",http://localhost/web-ban-giay/wp-content/uploads/product-images/shoe-9.jpg,50,0,0.8
45,simple,SHOE-0045,"Nike Phantom GX 2 Elite FG",1,0,visible,"Kiểm soát bóng, Gripknit","Kiểm soát bóng, Gripknit. Sản phẩm chính hãng 100%, bảo hành 12 tháng. Freeship cho đơn từ 1.000.000đ.",5290000,5790000,"Giày Đá Bóng","Giảm giá, Bán chạy",http://localhost/web-ban-giay/wp-content/uploads/product-images/shoe-8.jpg,50,0,0.8
46,simple,SHOE-0046,"Nike Tiempo Legend 10 Elite FG",1,0,visible,"Da Kangaroo mềm mại","Da Kangaroo mềm mại. Sản phẩm chính hãng 100%, bảo hành 12 tháng. Freeship cho đơn từ 1.000.000đ.",4990000,5490000,"Giày Đá Bóng","Giảm giá",http://localhost/web-ban-giay/wp-content/uploads/product-images/shoe-8.jpg,50,0,0.8
47,simple,SHOE-0047,"Adidas Predator Elite FG",1,0,visible,"Hybridskin kiểm soát","Hybridskin kiểm soát. Sản phẩm chính hãng 100%, bảo hành 12 tháng. Freeship cho đơn từ 1.000.000đ.",5490000,5990000,"Giày Đá Bóng","Giảm giá",http://localhost/web-ban-giay/wp-content/uploads/product-images/shoe-1.jpg,50,0,0.8
48,simple,SHOE-0048,"Adidas X Crazyfast Elite FG",1,0,visible,"Siêu nhẹ, Speedframe","Siêu nhẹ, Speedframe. Sản phẩm chính hãng 100%, bảo hành 12 tháng. Freeship cho đơn từ 1.000.000đ.",4990000,5490000,"Giày Đá Bóng","Giảm giá",http://localhost/web-ban-giay/wp-content/uploads/product-images/shoe-10.jpg,50,0,0.8
49,simple,SHOE-0049,"Adidas Copa Pure 2 Elite FG",1,0,visible,"Da K-Leather cao cấp","Da K-Leather cao cấp. Sản phẩm chính hãng 100%, bảo hành 12 tháng. Freeship cho đơn từ 1.000.000đ.",4690000,5190000,"Giày Đá Bóng","Giảm giá",http://localhost/web-ban-giay/wp-content/uploads/product-images/shoe-2.jpg,50,0,0.8
50,simple,SHOE-0050,"Puma Future 7 Ultimate FG",1,0,visible,"FUZIONFIT+, sáng tạo","FUZIONFIT+, sáng tạo. Sản phẩm chính hãng 100%, bảo hành 12 tháng. Freeship cho đơn từ 1.000.000đ.",4490000,4990000,"Giày Đá Bóng","Giảm giá",http://localhost/web-ban-giay/wp-content/uploads/product-images/shoe-3.jpg,50,0,0.8
51,simple,SHOE-0051,"Puma King Ultimate FG",1,0,visible,"Da K-Leather, classic","Da K-Leather, classic. Sản phẩm chính hãng 100%, bảo hành 12 tháng. Freeship cho đơn từ 1.000.000đ.",3990000,4490000,"Giày Đá Bóng","Giảm giá",http://localhost/web-ban-giay/wp-content/uploads/product-images/shoe-6.jpg,50,0,0.8
52,simple,SHOE-0052,"Mizuno Alpha Elite FG",1,0,visible,"Da Kangaroo Nhật Bản","Da Kangaroo Nhật Bản. Sản phẩm chính hãng 100%, bảo hành 12 tháng. Freeship cho đơn từ 1.000.000đ.",4290000,4790000,"Giày Đá Bóng","Giảm giá",http://localhost/web-ban-giay/wp-content/uploads/product-images/shoe-10.jpg,50,0,0.8
53,simple,SHOE-0053,"Nike Mercurial Vapor 16 Academy FG",1,0,visible,"Phiên bản phổ thông","Phiên bản phổ thông. Sản phẩm chính hãng 100%, bảo hành 12 tháng. Freeship cho đơn từ 1.000.000đ.",1890000,2290000,"Giày Đá Bóng","Giảm giá",http://localhost/web-ban-giay/wp-content/uploads/product-images/shoe-7.jpg,50,0,0.8
54,simple,SHOE-0054,"Adidas Predator Accuracy.3 FG",1,0,visible,"Tầm trung, grip tốt","Tầm trung, grip tốt. Sản phẩm chính hãng 100%, bảo hành 12 tháng. Freeship cho đơn từ 1.000.000đ.",1690000,1990000,"Giày Đá Bóng","Giảm giá",http://localhost/web-ban-giay/wp-content/uploads/product-images/shoe-7.jpg,50,0,0.8
55,simple,SHOE-0055,"Adidas X Crazyfast.3 FG",1,0,visible,"Nhẹ, giá tốt","Nhẹ, giá tốt. Sản phẩm chính hãng 100%, bảo hành 12 tháng. Freeship cho đơn từ 1.000.000đ.",1490000,1790000,"Giày Đá Bóng","Giảm giá",http://localhost/web-ban-giay/wp-content/uploads/product-images/shoe-1.jpg,50,0,0.8
56,simple,SHOE-0056,"Nike Victori One Slide",1,1,visible,"Dép quai ngang, đệm mềm","Dép quai ngang, đệm mềm. Sản phẩm chính hãng 100%, bảo hành 12 tháng. Freeship cho đơn từ 1.000.000đ.",790000,990000,"Dép & Sandal","Giảm giá, Bán chạy",http://localhost/web-ban-giay/wp-content/uploads/product-images/shoe-5.jpg,50,0,0.3
57,simple,SHOE-0057,"Nike Calm Slide",1,1,visible,"Thiết kế pillow, siêu êm","Thiết kế pillow, siêu êm. Sản phẩm chính hãng 100%, bảo hành 12 tháng. Freeship cho đơn từ 1.000.000đ.",1190000,1490000,"Dép & Sandal","Giảm giá, Bán chạy",http://localhost/web-ban-giay/wp-content/uploads/product-images/shoe-4.jpg,50,0,0.3
58,simple,SHOE-0058,"Nike Offline Pack Mule",1,0,visible,"Dép sục thoải mái","Dép sục thoải mái. Sản phẩm chính hãng 100%, bảo hành 12 tháng. Freeship cho đơn từ 1.000.000đ.",1490000,1790000,"Dép & Sandal","Giảm giá, Bán chạy",http://localhost/web-ban-giay/wp-content/uploads/product-images/shoe-9.jpg,50,0,0.3
59,simple,SHOE-0059,"Adidas Adilette Comfort",1,0,visible,"Cloudfoam êm ái","Cloudfoam êm ái. Sản phẩm chính hãng 100%, bảo hành 12 tháng. Freeship cho đơn từ 1.000.000đ.",890000,1090000,"Dép & Sandal","Giảm giá",http://localhost/web-ban-giay/wp-content/uploads/product-images/shoe-10.jpg,50,0,0.3
60,simple,SHOE-0060,"Adidas Adilette 22",1,0,visible,"Thiết kế tương lai, EVA","Thiết kế tương lai, EVA. Sản phẩm chính hãng 100%, bảo hành 12 tháng. Freeship cho đơn từ 1.000.000đ.",990000,1190000,"Dép & Sandal","Giảm giá",http://localhost/web-ban-giay/wp-content/uploads/product-images/shoe-4.jpg,50,0,0.3
61,simple,SHOE-0061,"New Balance 200 Slide",1,0,visible,"Quai ngang CUSH+","Quai ngang CUSH+. Sản phẩm chính hãng 100%, bảo hành 12 tháng. Freeship cho đơn từ 1.000.000đ.",690000,890000,"Dép & Sandal","Giảm giá",http://localhost/web-ban-giay/wp-content/uploads/product-images/shoe-4.jpg,50,0,0.3
62,simple,SHOE-0062,"Crocs Classic Clog",1,0,visible,"Croslite siêu nhẹ, đa năng","Croslite siêu nhẹ, đa năng. Sản phẩm chính hãng 100%, bảo hành 12 tháng. Freeship cho đơn từ 1.000.000đ.",990000,1290000,"Dép & Sandal","Giảm giá",http://localhost/web-ban-giay/wp-content/uploads/product-images/shoe-10.jpg,50,0,0.3
63,simple,SHOE-0063,"Crocs Classic Slide",1,0,visible,"Quai rộng, thoải mái","Quai rộng, thoải mái. Sản phẩm chính hãng 100%, bảo hành 12 tháng. Freeship cho đơn từ 1.000.000đ.",790000,990000,"Dép & Sandal","Giảm giá",http://localhost/web-ban-giay/wp-content/uploads/product-images/shoe-4.jpg,50,0,0.3
64,simple,SHOE-0064,"Birkenstock Arizona",1,0,visible,"Da Birko-Flor, đế cork","Da Birko-Flor, đế cork. Sản phẩm chính hãng 100%, bảo hành 12 tháng. Freeship cho đơn từ 1.000.000đ.",2290000,2690000,"Dép & Sandal","Giảm giá",http://localhost/web-ban-giay/wp-content/uploads/product-images/shoe-9.jpg,50,0,0.3
65,simple,SHOE-0065,"Birkenstock Boston Clog",1,0,visible,"Suede, phong cách sục","Suede, phong cách sục. Sản phẩm chính hãng 100%, bảo hành 12 tháng. Freeship cho đơn từ 1.000.000đ.",2890000,3290000,"Dép & Sandal","Giảm giá",http://localhost/web-ban-giay/wp-content/uploads/product-images/shoe-2.jpg,50,0,0.3
66,simple,SHOE-0066,"Puma Leadcat 2.0 Slide",1,0,visible,"Quai ngang thể thao","Quai ngang thể thao. Sản phẩm chính hãng 100%, bảo hành 12 tháng. Freeship cho đơn từ 1.000.000đ.",590000,790000,"Dép & Sandal","Giảm giá",http://localhost/web-ban-giay/wp-content/uploads/product-images/shoe-10.jpg,50,0,0.3
67,simple,SHOE-0067,"Havaianas Top",1,0,visible,"Dép kẹp Brazil chính hãng","Dép kẹp Brazil chính hãng. Sản phẩm chính hãng 100%, bảo hành 12 tháng. Freeship cho đơn từ 1.000.000đ.",490000,590000,"Dép & Sandal","Giảm giá",http://localhost/web-ban-giay/wp-content/uploads/product-images/shoe-5.jpg,50,0,0.3
68,simple,SHOE-0068,"Teva Hurricane XLT2",1,0,visible,"Sandal outdoor bền bỉ","Sandal outdoor bền bỉ. Sản phẩm chính hãng 100%, bảo hành 12 tháng. Freeship cho đơn từ 1.000.000đ.",1490000,1890000,"Dép & Sandal","Giảm giá",http://localhost/web-ban-giay/wp-content/uploads/product-images/shoe-5.jpg,50,0,0.3
69,simple,SHOE-0069,"Nike Air Jordan 1 Mid",1,1,visible,"Phong cách streetwear","Phong cách streetwear. Sản phẩm chính hãng 100%, bảo hành 12 tháng. Freeship cho đơn từ 1.000.000đ.",3290000,3690000,"Giày Thời Trang","Giảm giá, Bán chạy",http://localhost/web-ban-giay/wp-content/uploads/product-images/shoe-1.jpg,50,0,0.8
70,simple,SHOE-0070,"Nike Air Jordan 1 Low",1,1,visible,"Dáng thấp dễ phối đồ","Dáng thấp dễ phối đồ. Sản phẩm chính hãng 100%, bảo hành 12 tháng. Freeship cho đơn từ 1.000.000đ.",2890000,3290000,"Giày Thời Trang","Giảm giá, Bán chạy",http://localhost/web-ban-giay/wp-content/uploads/product-images/shoe-8.jpg,50,0,0.8
71,simple,SHOE-0071,"Nike Air Jordan 4 Retro",1,0,visible,"Iconic 90s, mesh + da","Iconic 90s, mesh + da. Sản phẩm chính hãng 100%, bảo hành 12 tháng. Freeship cho đơn từ 1.000.000đ.",5490000,5990000,"Giày Thời Trang","Giảm giá, Bán chạy",http://localhost/web-ban-giay/wp-content/uploads/product-images/shoe-10.jpg,50,0,0.8
72,simple,SHOE-0072,"Adidas Forum Low",1,0,visible,"Retro bóng rổ 80s","Retro bóng rổ 80s. Sản phẩm chính hãng 100%, bảo hành 12 tháng. Freeship cho đơn từ 1.000.000đ.",2490000,2890000,"Giày Thời Trang","Giảm giá",http://localhost/web-ban-giay/wp-content/uploads/product-images/shoe-3.jpg,50,0,0.8
73,simple,SHOE-0073,"Adidas NMD R1",1,0,visible,"Phong cách tương lai, Boost","Phong cách tương lai, Boost. Sản phẩm chính hãng 100%, bảo hành 12 tháng. Freeship cho đơn từ 1.000.000đ.",3290000,3690000,"Giày Thời Trang","Giảm giá",http://localhost/web-ban-giay/wp-content/uploads/product-images/shoe-7.jpg,50,0,0.8
74,simple,SHOE-0074,"Adidas Yeezy Slide",1,0,visible,"Thiết kế tối giản EVA","Thiết kế tối giản EVA. Sản phẩm chính hãng 100%, bảo hành 12 tháng. Freeship cho đơn từ 1.000.000đ.",2490000,2890000,"Giày Thời Trang","Giảm giá",http://localhost/web-ban-giay/wp-content/uploads/product-images/shoe-6.jpg,50,0,0.8
75,simple,SHOE-0075,"New Balance 2002R",1,0,visible,"Retro runner, ABZORB","Retro runner, ABZORB. Sản phẩm chính hãng 100%, bảo hành 12 tháng. Freeship cho đơn từ 1.000.000đ.",3290000,3690000,"Giày Thời Trang","Giảm giá",http://localhost/web-ban-giay/wp-content/uploads/product-images/shoe-7.jpg,50,0,0.8
76,simple,SHOE-0076,"New Balance 9060",1,0,visible,"Chunky retro, đệm dày","Chunky retro, đệm dày. Sản phẩm chính hãng 100%, bảo hành 12 tháng. Freeship cho đơn từ 1.000.000đ.",3690000,4190000,"Giày Thời Trang","Giảm giá",http://localhost/web-ban-giay/wp-content/uploads/product-images/shoe-3.jpg,50,0,0.8
77,simple,SHOE-0077,"Puma RS-X",1,0,visible,"Chunky 80s, Running System","Chunky 80s, Running System. Sản phẩm chính hãng 100%, bảo hành 12 tháng. Freeship cho đơn từ 1.000.000đ.",2290000,2690000,"Giày Thời Trang","Giảm giá",http://localhost/web-ban-giay/wp-content/uploads/product-images/shoe-9.jpg,50,0,0.8
78,simple,SHOE-0078,"Asics Gel-1130",1,0,visible,"Retro runner, Gel đệm","Retro runner, Gel đệm. Sản phẩm chính hãng 100%, bảo hành 12 tháng. Freeship cho đơn từ 1.000.000đ.",2490000,2890000,"Giày Thời Trang","Giảm giá",http://localhost/web-ban-giay/wp-content/uploads/product-images/shoe-7.jpg,50,0,0.8
79,simple,SHOE-0079,"Salomon XT-6",1,0,visible,"Trail-to-street, Quicklace","Trail-to-street, Quicklace. Sản phẩm chính hãng 100%, bảo hành 12 tháng. Freeship cho đơn từ 1.000.000đ.",3690000,4190000,"Giày Thời Trang","Giảm giá",http://localhost/web-ban-giay/wp-content/uploads/product-images/shoe-9.jpg,50,0,0.8
80,simple,SHOE-0080,"On Cloud 5",1,0,visible,"Đế CloudTec, tối giản Thụy Sĩ","Đế CloudTec, tối giản Thụy Sĩ. Sản phẩm chính hãng 100%, bảo hành 12 tháng. Freeship cho đơn từ 1.000.000đ.",3290000,3690000,"Giày Thời Trang","Giảm giá",http://localhost/web-ban-giay/wp-content/uploads/product-images/shoe-1.jpg,50,0,0.8
81,simple,SHOE-0081,"Vans SK8-Hi",1,0,visible,"Canvas cổ cao biểu tượng","Canvas cổ cao biểu tượng. Sản phẩm chính hãng 100%, bảo hành 12 tháng. Freeship cho đơn từ 1.000.000đ.",1590000,1890000,"Giày Thời Trang","Giảm giá",http://localhost/web-ban-giay/wp-content/uploads/product-images/shoe-2.jpg,50,0,0.8
82,simple,SHOE-0082,"Nike Everyday Cushioned Crew Socks 3P",1,1,visible,"Bộ 3 đôi vớ đệm","Bộ 3 đôi vớ đệm. Sản phẩm chính hãng 100%, bảo hành 12 tháng. Freeship cho đơn từ 1.000.000đ.",350000,450000,"Phụ Kiện","Giảm giá, Bán chạy",http://localhost/web-ban-giay/wp-content/uploads/product-images/shoe-8.jpg,50,0,0.2
83,simple,SHOE-0083,"Nike Elite Basketball Crew",1,1,visible,"Vớ bóng rổ Dri-FIT","Vớ bóng rổ Dri-FIT. Sản phẩm chính hãng 100%, bảo hành 12 tháng. Freeship cho đơn từ 1.000.000đ.",290000,350000,"Phụ Kiện","Giảm giá, Bán chạy",http://localhost/web-ban-giay/wp-content/uploads/product-images/shoe-7.jpg,50,0,0.2
84,simple,SHOE-0084,"Adidas Trefoil Crew Socks 3P",1,0,visible,"3 đôi vớ logo Trefoil","3 đôi vớ logo Trefoil. Sản phẩm chính hãng 100%, bảo hành 12 tháng. Freeship cho đơn từ 1.000.000đ.",320000,390000,"Phụ Kiện","Giảm giá, Bán chạy",http://localhost/web-ban-giay/wp-content/uploads/product-images/shoe-3.jpg,50,0,0.2
85,simple,SHOE-0085,"Stance NBA Crew Socks",1,0,visible,"Vớ NBA chính hãng","Vớ NBA chính hãng. Sản phẩm chính hãng 100%, bảo hành 12 tháng. Freeship cho đơn từ 1.000.000đ.",390000,490000,"Phụ Kiện","Giảm giá",http://localhost/web-ban-giay/wp-content/uploads/product-images/shoe-5.jpg,50,0,0.2
86,simple,SHOE-0086,"Nike Shoe Cleaning Kit",1,0,visible,"Bộ vệ sinh giày 3 món","Bộ vệ sinh giày 3 món. Sản phẩm chính hãng 100%, bảo hành 12 tháng. Freeship cho đơn từ 1.000.000đ.",450000,590000,"Phụ Kiện","Giảm giá",http://localhost/web-ban-giay/wp-content/uploads/product-images/shoe-5.jpg,50,0,0.2
87,simple,SHOE-0087,"Jason Markk Essential Kit",1,0,visible,"Dung dịch + bàn chải","Dung dịch + bàn chải. Sản phẩm chính hãng 100%, bảo hành 12 tháng. Freeship cho đơn từ 1.000.000đ.",590000,690000,"Phụ Kiện","Giảm giá",http://localhost/web-ban-giay/wp-content/uploads/product-images/shoe-4.jpg,50,0,0.2
88,simple,SHOE-0088,"Crep Protect Spray",1,0,visible,"Xịt chống nước nano","Xịt chống nước nano. Sản phẩm chính hãng 100%, bảo hành 12 tháng. Freeship cho đơn từ 1.000.000đ.",390000,490000,"Phụ Kiện","Giảm giá",http://localhost/web-ban-giay/wp-content/uploads/product-images/shoe-7.jpg,50,0,0.2
89,simple,SHOE-0089,"Sneaker Shield",1,0,visible,"Chống nhăn mũi giày","Chống nhăn mũi giày. Sản phẩm chính hãng 100%, bảo hành 12 tháng. Freeship cho đơn từ 1.000.000đ.",190000,250000,"Phụ Kiện","Giảm giá",http://localhost/web-ban-giay/wp-content/uploads/product-images/shoe-4.jpg,50,0,0.2
90,simple,SHOE-0090,"Nike Heritage Waistpack",1,0,visible,"Túi đeo chéo nhỏ gọn","Túi đeo chéo nhỏ gọn. Sản phẩm chính hãng 100%, bảo hành 12 tháng. Freeship cho đơn từ 1.000.000đ.",590000,790000,"Phụ Kiện","Giảm giá",http://localhost/web-ban-giay/wp-content/uploads/product-images/shoe-8.jpg,50,0,0.2
91,simple,SHOE-0091,"Adidas Originals Backpack",1,0,visible,"Balo Trefoil cổ điển","Balo Trefoil cổ điển. Sản phẩm chính hãng 100%, bảo hành 12 tháng. Freeship cho đơn từ 1.000.000đ.",890000,1090000,"Phụ Kiện","Giảm giá",http://localhost/web-ban-giay/wp-content/uploads/product-images/shoe-6.jpg,50,0,0.2
92,simple,SHOE-0092,"Jordan Shoe Box Bag",1,0,visible,"Túi đựng giày hộp vuông","Túi đựng giày hộp vuông. Sản phẩm chính hãng 100%, bảo hành 12 tháng. Freeship cho đơn từ 1.000.000đ.",690000,890000,"Phụ Kiện","Giảm giá",http://localhost/web-ban-giay/wp-content/uploads/product-images/shoe-7.jpg,50,0,0.2
93,simple,SHOE-0093,"Shoe Tree Cedar Wood",1,0,visible,"Cây giữ form gỗ tuyết tùng","Cây giữ form gỗ tuyết tùng. Sản phẩm chính hãng 100%, bảo hành 12 tháng. Freeship cho đơn từ 1.000.000đ.",290000,390000,"Phụ Kiện","Giảm giá",http://localhost/web-ban-giay/wp-content/uploads/product-images/shoe-3.jpg,50,0,0.2
94,simple,SHOE-0094,"Flat Waxed Laces",1,0,visible,"Dây giày wax bóng đủ màu","Dây giày wax bóng đủ màu. Sản phẩm chính hãng 100%, bảo hành 12 tháng. Freeship cho đơn từ 1.000.000đ.",90000,120000,"Phụ Kiện","Giảm giá",http://localhost/web-ban-giay/wp-content/uploads/product-images/shoe-2.jpg,50,0,0.2
95,simple,SHOE-0095,"Nike Benassi JDI Print",1,0,visible,"Dép quai ngang họa tiết","Dép quai ngang họa tiết. Sản phẩm chính hãng 100%, bảo hành 12 tháng. Freeship cho đơn từ 1.000.000đ.",690000,890000,"Phụ Kiện","Giảm giá",http://localhost/web-ban-giay/wp-content/uploads/product-images/shoe-10.jpg,50,0,0.2
96,simple,SHOE-0096,"Yeezy Boost Insole",1,0,visible,"Lót giày Boost êm ái","Lót giày Boost êm ái. Sản phẩm chính hãng 100%, bảo hành 12 tháng. Freeship cho đơn từ 1.000.000đ.",250000,350000,"Phụ Kiện","Giảm giá",http://localhost/web-ban-giay/wp-content/uploads/product-images/shoe-4.jpg,50,0,0.2
97,simple,SHOE-0097,"On Cloudmonster 2",1,1,visible,"Đệm CloudTec dày, phản hồi mạnh","Đệm CloudTec dày, phản hồi mạnh. Sản phẩm chính hãng 100%, bảo hành 12 tháng. Freeship cho đơn từ 1.000.000đ.",3890000,4390000,"Giày Chạy Bộ","Giảm giá, Bán chạy",http://localhost/web-ban-giay/wp-content/uploads/product-images/shoe-10.jpg,50,0,0.8
98,simple,SHOE-0098,"On Cloudsurfer 7",1,1,visible,"Nhẹ, tốc độ, Helion HF","Nhẹ, tốc độ, Helion HF. Sản phẩm chính hãng 100%, bảo hành 12 tháng. Freeship cho đơn từ 1.000.000đ.",3490000,3990000,"Giày Chạy Bộ","Giảm giá, Bán chạy",http://localhost/web-ban-giay/wp-content/uploads/product-images/shoe-9.jpg,50,0,0.8
99,simple,SHOE-0099,"Brooks Glycerin 21",1,0,visible,"Đệm DNA Loft v3, mềm nhất","Đệm DNA Loft v3, mềm nhất. Sản phẩm chính hãng 100%, bảo hành 12 tháng. Freeship cho đơn từ 1.000.000đ.",3690000,4190000,"Giày Chạy Bộ","Giảm giá, Bán chạy",http://localhost/web-ban-giay/wp-content/uploads/product-images/shoe-10.jpg,50,0,0.8
100,simple,SHOE-0100,"Saucony Endorphin Speed 4",1,0,visible,"Tấm carbon, Speedroll","Tấm carbon, Speedroll. Sản phẩm chính hãng 100%, bảo hành 12 tháng. Freeship cho đơn từ 1.000.000đ.",3990000,4490000,"Giày Chạy Bộ","Giảm giá",http://localhost/web-ban-giay/wp-content/uploads/product-images/shoe-4.jpg,50,0,0.8
101,simple,SHOE-0101,"Asics Novablast 4",1,0,visible,"Đệm FF Blast+ siêu bật","Đệm FF Blast+ siêu bật. Sản phẩm chính hãng 100%, bảo hành 12 tháng. Freeship cho đơn từ 1.000.000đ.",2990000,3490000,"Giày Chạy Bộ","Giảm giá",http://localhost/web-ban-giay/wp-content/uploads/product-images/shoe-3.jpg,50,0,0.8
102,simple,SHOE-0102,"Nike Vomero 18",1,0,visible,"ZoomX nhẹ, chạy hàng ngày","ZoomX nhẹ, chạy hàng ngày. Sản phẩm chính hãng 100%, bảo hành 12 tháng. Freeship cho đơn từ 1.000.000đ.",3790000,4290000,"Giày Chạy Bộ","Giảm giá",http://localhost/web-ban-giay/wp-content/uploads/product-images/shoe-10.jpg,50,0,0.8
103,simple,SHOE-0103,"Adidas Adizero SL2",1,0,visible,"Lightstrike Pro, nhẹ nhất","Lightstrike Pro, nhẹ nhất. Sản phẩm chính hãng 100%, bảo hành 12 tháng. Freeship cho đơn từ 1.000.000đ.",2890000,3390000,"Giày Chạy Bộ","Giảm giá",http://localhost/web-ban-giay/wp-content/uploads/product-images/shoe-10.jpg,50,0,0.8
104,simple,SHOE-0104,"Puma Deviate Nitro 3",1,0,visible,"Nitro Elite Foam, tấm carbon","Nitro Elite Foam, tấm carbon. Sản phẩm chính hãng 100%, bảo hành 12 tháng. Freeship cho đơn từ 1.000.000đ.",3290000,3790000,"Giày Chạy Bộ","Giảm giá",http://localhost/web-ban-giay/wp-content/uploads/product-images/shoe-8.jpg,50,0,0.8
105,simple,SHOE-0105,"Mizuno Wave Neo Ultra",1,0,visible,"Enerzy NXT đệm mềm","Enerzy NXT đệm mềm. Sản phẩm chính hãng 100%, bảo hành 12 tháng. Freeship cho đơn từ 1.000.000đ.",2690000,3190000,"Giày Chạy Bộ","Giảm giá",http://localhost/web-ban-giay/wp-content/uploads/product-images/shoe-4.jpg,50,0,0.8
106,simple,SHOE-0106,"New Balance SC Elite v4",1,0,visible,"FuelCell, carbon racer","FuelCell, carbon racer. Sản phẩm chính hãng 100%, bảo hành 12 tháng. Freeship cho đơn từ 1.000.000đ.",4590000,4990000,"Giày Chạy Bộ","Giảm giá",http://localhost/web-ban-giay/wp-content/uploads/product-images/shoe-8.jpg,50,0,0.8
107,simple,SHOE-0107,"Hoka Mach 6",1,0,visible,"PEBA foam siêu nhẹ","PEBA foam siêu nhẹ. Sản phẩm chính hãng 100%, bảo hành 12 tháng. Freeship cho đơn từ 1.000.000đ.",3190000,3690000,"Giày Chạy Bộ","Giảm giá",http://localhost/web-ban-giay/wp-content/uploads/product-images/shoe-10.jpg,50,0,0.8
108,simple,SHOE-0108,"Nike Pegasus Trail 5",1,0,visible,"Trail running, React foam","Trail running, React foam. Sản phẩm chính hãng 100%, bảo hành 12 tháng. Freeship cho đơn từ 1.000.000đ.",2990000,3490000,"Giày Chạy Bộ","Giảm giá",http://localhost/web-ban-giay/wp-content/uploads/product-images/shoe-3.jpg,50,0,0.8
109,simple,SHOE-0109,"Salomon Speedcross 6",1,0,visible,"Trail grip Contagrip MA","Trail grip Contagrip MA. Sản phẩm chính hãng 100%, bảo hành 12 tháng. Freeship cho đơn từ 1.000.000đ.",2890000,3390000,"Giày Chạy Bộ","Giảm giá",http://localhost/web-ban-giay/wp-content/uploads/product-images/shoe-6.jpg,50,0,0.8
110,simple,SHOE-0110,"Hoka Speedgoat 6",1,0,visible,"Trail đệm dày, Vibram","Trail đệm dày, Vibram. Sản phẩm chính hãng 100%, bảo hành 12 tháng. Freeship cho đơn từ 1.000.000đ.",3590000,4090000,"Giày Chạy Bộ","Giảm giá",http://localhost/web-ban-giay/wp-content/uploads/product-images/shoe-7.jpg,50,0,0.8
111,simple,SHOE-0111,"Nike Air Max Plus",1,1,visible,"Tuned Air, thiết kế 1998","Tuned Air, thiết kế 1998. Sản phẩm chính hãng 100%, bảo hành 12 tháng. Freeship cho đơn từ 1.000.000đ.",3490000,3990000,"Giày Sneaker","Giảm giá, Bán chạy",http://localhost/web-ban-giay/wp-content/uploads/product-images/shoe-5.jpg,50,0,0.8
112,simple,SHOE-0112,"Nike Air Max 1",1,1,visible,"OG silhouette 1987","OG silhouette 1987. Sản phẩm chính hãng 100%, bảo hành 12 tháng. Freeship cho đơn từ 1.000.000đ.",3290000,3690000,"Giày Sneaker","Giảm giá, Bán chạy",http://localhost/web-ban-giay/wp-content/uploads/product-images/shoe-8.jpg,50,0,0.8
113,simple,SHOE-0113,"Nike Cortez",1,0,visible,"Nylon retro kinh điển","Nylon retro kinh điển. Sản phẩm chính hãng 100%, bảo hành 12 tháng. Freeship cho đơn từ 1.000.000đ.",2190000,2590000,"Giày Sneaker","Giảm giá, Bán chạy",http://localhost/web-ban-giay/wp-content/uploads/product-images/shoe-4.jpg,50,0,0.8
114,simple,SHOE-0114,"Adidas Superstar",1,0,visible,"Shell toe huyền thoại","Shell toe huyền thoại. Sản phẩm chính hãng 100%, bảo hành 12 tháng. Freeship cho đơn từ 1.000.000đ.",2290000,2690000,"Giày Sneaker","Giảm giá",http://localhost/web-ban-giay/wp-content/uploads/product-images/shoe-10.jpg,50,0,0.8
115,simple,SHOE-0115,"Adidas Campus 00s",1,0,visible,"Suede, phong cách Y2K","Suede, phong cách Y2K. Sản phẩm chính hãng 100%, bảo hành 12 tháng. Freeship cho đơn từ 1.000.000đ.",2490000,2890000,"Giày Sneaker","Giảm giá",http://localhost/web-ban-giay/wp-content/uploads/product-images/shoe-1.jpg,50,0,0.8
116,simple,SHOE-0116,"Adidas Spezial",1,0,visible,"Handball retro, suede","Handball retro, suede. Sản phẩm chính hãng 100%, bảo hành 12 tháng. Freeship cho đơn từ 1.000.000đ.",2390000,2790000,"Giày Sneaker","Giảm giá",http://localhost/web-ban-giay/wp-content/uploads/product-images/shoe-3.jpg,50,0,0.8
117,simple,SHOE-0117,"New Balance 530",1,0,visible,"Retro runner, ABZORB","Retro runner, ABZORB. Sản phẩm chính hãng 100%, bảo hành 12 tháng. Freeship cho đơn từ 1.000.000đ.",2290000,2690000,"Giày Sneaker","Giảm giá",http://localhost/web-ban-giay/wp-content/uploads/product-images/shoe-6.jpg,50,0,0.8
118,simple,SHOE-0118,"New Balance 327",1,0,visible,"Split outsole độc đáo","Split outsole độc đáo. Sản phẩm chính hãng 100%, bảo hành 12 tháng. Freeship cho đơn từ 1.000.000đ.",2490000,2890000,"Giày Sneaker","Giảm giá",http://localhost/web-ban-giay/wp-content/uploads/product-images/shoe-8.jpg,50,0,0.8
119,simple,SHOE-0119,"Puma Palermo",1,0,visible,"Italian football style","Italian football style. Sản phẩm chính hãng 100%, bảo hành 12 tháng. Freeship cho đơn từ 1.000.000đ.",1890000,2290000,"Giày Sneaker","Giảm giá",http://localhost/web-ban-giay/wp-content/uploads/product-images/shoe-5.jpg,50,0,0.8
120,simple,SHOE-0120,"Reebok Club C 85",1,0,visible,"Court classic, da mềm","Court classic, da mềm. Sản phẩm chính hãng 100%, bảo hành 12 tháng. Freeship cho đơn từ 1.000.000đ.",1790000,2190000,"Giày Sneaker","Giảm giá",http://localhost/web-ban-giay/wp-content/uploads/product-images/shoe-4.jpg,50,0,0.8
121,simple,SHOE-0121,"Converse One Star",1,0,visible,"Suede one-star logo","Suede one-star logo. Sản phẩm chính hãng 100%, bảo hành 12 tháng. Freeship cho đơn từ 1.000.000đ.",1490000,1890000,"Giày Sneaker","Giảm giá",http://localhost/web-ban-giay/wp-content/uploads/product-images/shoe-6.jpg,50,0,0.8
122,simple,SHOE-0122,"Vans Authentic",1,0,visible,"Canvas đơn giản nhất","Canvas đơn giản nhất. Sản phẩm chính hãng 100%, bảo hành 12 tháng. Freeship cho đơn từ 1.000.000đ.",1190000,1490000,"Giày Sneaker","Giảm giá",http://localhost/web-ban-giay/wp-content/uploads/product-images/shoe-2.jpg,50,0,0.8
123,simple,SHOE-0123,"Lacoste L001",1,0,visible,"Da premium, phong cách Pháp","Da premium, phong cách Pháp. Sản phẩm chính hãng 100%, bảo hành 12 tháng. Freeship cho đơn từ 1.000.000đ.",2690000,3090000,"Giày Sneaker","Giảm giá",http://localhost/web-ban-giay/wp-content/uploads/product-images/shoe-2.jpg,50,0,0.8
124,simple,SHOE-0124,"Fila Disruptor 2",1,0,visible,"Chunky 90s comeback","Chunky 90s comeback. Sản phẩm chính hãng 100%, bảo hành 12 tháng. Freeship cho đơn từ 1.000.000đ.",1690000,1990000,"Giày Sneaker","Giảm giá",http://localhost/web-ban-giay/wp-content/uploads/product-images/shoe-2.jpg,50,0,0.8
125,simple,SHOE-0125,"Nike GT Cut 3",1,1,visible,"Zoom Air cắt nhanh","Zoom Air cắt nhanh. Sản phẩm chính hãng 100%, bảo hành 12 tháng. Freeship cho đơn từ 1.000.000đ.",4290000,4790000,"Giày Bóng Rổ","Giảm giá, Bán chạy",http://localhost/web-ban-giay/wp-content/uploads/product-images/shoe-5.jpg,50,0,0.8
126,simple,SHOE-0126,"Nike Sabrina 2",1,1,visible,"Zoom Air, cho guard nữ & nam","Zoom Air, cho guard nữ & nam. Sản phẩm chính hãng 100%, bảo hành 12 tháng. Freeship cho đơn từ 1.000.000đ.",2990000,3490000,"Giày Bóng Rổ","Giảm giá, Bán chạy",http://localhost/web-ban-giay/wp-content/uploads/product-images/shoe-10.jpg,50,0,0.8
127,simple,SHOE-0127,"Adidas Trae Young 3",1,0,visible,"Lightstrike, quay nhanh","Lightstrike, quay nhanh. Sản phẩm chính hãng 100%, bảo hành 12 tháng. Freeship cho đơn từ 1.000.000đ.",2690000,3190000,"Giày Bóng Rổ","Giảm giá, Bán chạy",http://localhost/web-ban-giay/wp-content/uploads/product-images/shoe-6.jpg,50,0,0.8
128,simple,SHOE-0128,"Puma Scoot Zeros",1,0,visible,"Nitro Foam nhẹ nhất","Nitro Foam nhẹ nhất. Sản phẩm chính hãng 100%, bảo hành 12 tháng. Freeship cho đơn từ 1.000.000đ.",2490000,2890000,"Giày Bóng Rổ","Giảm giá",http://localhost/web-ban-giay/wp-content/uploads/product-images/shoe-8.jpg,50,0,0.8
129,simple,SHOE-0129,"Li-Ning Way of Wade 10",1,0,visible,"Cloud cushion, premium","Cloud cushion, premium. Sản phẩm chính hãng 100%, bảo hành 12 tháng. Freeship cho đơn từ 1.000.000đ.",3490000,3990000,"Giày Bóng Rổ","Giảm giá",http://localhost/web-ban-giay/wp-content/uploads/product-images/shoe-10.jpg,50,0,0.8
130,simple,SHOE-0130,"Anta Shock Wave 5",1,0,visible,"Nitrogen Tech, NBA","Nitrogen Tech, NBA. Sản phẩm chính hãng 100%, bảo hành 12 tháng. Freeship cho đơn từ 1.000.000đ.",2290000,2690000,"Giày Bóng Rổ","Giảm giá",http://localhost/web-ban-giay/wp-content/uploads/product-images/shoe-3.jpg,50,0,0.8
131,simple,SHOE-0131,"Nike Zoom Freak 6",1,0,visible,"Zoom Air, đa năng","Zoom Air, đa năng. Sản phẩm chính hãng 100%, bảo hành 12 tháng. Freeship cho đơn từ 1.000.000đ.",3190000,3690000,"Giày Bóng Rổ","Giảm giá",http://localhost/web-ban-giay/wp-content/uploads/product-images/shoe-3.jpg,50,0,0.8
132,simple,SHOE-0132,"Jordan Why Not .7",1,0,visible,"Russell Westbrook, bật nhảy","Russell Westbrook, bật nhảy. Sản phẩm chính hãng 100%, bảo hành 12 tháng. Freeship cho đơn từ 1.000.000đ.",2990000,3490000,"Giày Bóng Rổ","Giảm giá",http://localhost/web-ban-giay/wp-content/uploads/product-images/shoe-8.jpg,50,0,0.8
133,simple,SHOE-0133,"Adidas Dame 9",1,0,visible,"Dame EXTPLY, traction tốt","Dame EXTPLY, traction tốt. Sản phẩm chính hãng 100%, bảo hành 12 tháng. Freeship cho đơn từ 1.000.000đ.",2490000,2890000,"Giày Bóng Rổ","Giảm giá",http://localhost/web-ban-giay/wp-content/uploads/product-images/shoe-7.jpg,50,0,0.8
134,simple,SHOE-0134,"New Balance Kawhi 4",1,0,visible,"FuelCell, grip outdoor","FuelCell, grip outdoor. Sản phẩm chính hãng 100%, bảo hành 12 tháng. Freeship cho đơn từ 1.000.000đ.",2890000,3390000,"Giày Bóng Rổ","Giảm giá",http://localhost/web-ban-giay/wp-content/uploads/product-images/shoe-7.jpg,50,0,0.8
135,simple,SHOE-0135,"Nike KD 16",1,0,visible,"Zoom Strobel full-length","Zoom Strobel full-length. Sản phẩm chính hãng 100%, bảo hành 12 tháng. Freeship cho đơn từ 1.000.000đ.",3490000,3990000,"Giày Bóng Rổ","Giảm giá",http://localhost/web-ban-giay/wp-content/uploads/product-images/shoe-1.jpg,50,0,0.8
136,simple,SHOE-0136,"Under Armour Flow FUTR X Elite",1,0,visible,"Flow, không đường chỉ","Flow, không đường chỉ. Sản phẩm chính hãng 100%, bảo hành 12 tháng. Freeship cho đơn từ 1.000.000đ.",3690000,4190000,"Giày Bóng Rổ","Giảm giá",http://localhost/web-ban-giay/wp-content/uploads/product-images/shoe-9.jpg,50,0,0.8
137,simple,SHOE-0137,"Peak Andrew Wiggins AW1",1,0,visible,"Taichi cushion, bền","Taichi cushion, bền. Sản phẩm chính hãng 100%, bảo hành 12 tháng. Freeship cho đơn từ 1.000.000đ.",1890000,2290000,"Giày Bóng Rổ","Giảm giá",http://localhost/web-ban-giay/wp-content/uploads/product-images/shoe-6.jpg,50,0,0.8
138,simple,SHOE-0138,"Nike Mercurial Superfly 10 Academy FG",1,1,visible,"Tầm trung, Flyknit","Tầm trung, Flyknit. Sản phẩm chính hãng 100%, bảo hành 12 tháng. Freeship cho đơn từ 1.000.000đ.",2190000,2590000,"Giày Đá Bóng","Giảm giá, Bán chạy",http://localhost/web-ban-giay/wp-content/uploads/product-images/shoe-4.jpg,50,0,0.8
139,simple,SHOE-0139,"Nike Phantom Luna 2 Elite FG",1,1,visible,"Nữ thiết kế, Flyknit 360","Nữ thiết kế, Flyknit 360. Sản phẩm chính hãng 100%, bảo hành 12 tháng. Freeship cho đơn từ 1.000.000đ.",4990000,5490000,"Giày Đá Bóng","Giảm giá, Bán chạy",http://localhost/web-ban-giay/wp-content/uploads/product-images/shoe-5.jpg,50,0,0.8
140,simple,SHOE-0140,"Adidas F50 Elite FG",1,0,visible,"Trở lại huyền thoại F50","Trở lại huyền thoại F50. Sản phẩm chính hãng 100%, bảo hành 12 tháng. Freeship cho đơn từ 1.000.000đ.",4890000,5390000,"Giày Đá Bóng","Giảm giá, Bán chạy",http://localhost/web-ban-giay/wp-content/uploads/product-images/shoe-4.jpg,50,0,0.8
141,simple,SHOE-0141,"Adidas Predator Edge.1 FG",1,0,visible,"Zone skin kiểm soát","Zone skin kiểm soát. Sản phẩm chính hãng 100%, bảo hành 12 tháng. Freeship cho đơn từ 1.000.000đ.",4690000,5190000,"Giày Đá Bóng","Giảm giá",http://localhost/web-ban-giay/wp-content/uploads/product-images/shoe-9.jpg,50,0,0.8
142,simple,SHOE-0142,"Puma Ultra Ultimate FG",1,0,visible,"Siêu nhẹ 160g, MATRYXEVO","Siêu nhẹ 160g, MATRYXEVO. Sản phẩm chính hãng 100%, bảo hành 12 tháng. Freeship cho đơn từ 1.000.000đ.",4290000,4790000,"Giày Đá Bóng","Giảm giá",http://localhost/web-ban-giay/wp-content/uploads/product-images/shoe-5.jpg,50,0,0.8
143,simple,SHOE-0143,"Mizuno Morelia Neo IV",1,0,visible,"MIJ da Kangaroo mềm","MIJ da Kangaroo mềm. Sản phẩm chính hãng 100%, bảo hành 12 tháng. Freeship cho đơn từ 1.000.000đ.",5490000,5990000,"Giày Đá Bóng","Giảm giá",http://localhost/web-ban-giay/wp-content/uploads/product-images/shoe-4.jpg,50,0,0.8
144,simple,SHOE-0144,"New Balance Furon v7+",1,0,visible,"FuelCell Speed, nhẹ","FuelCell Speed, nhẹ. Sản phẩm chính hãng 100%, bảo hành 12 tháng. Freeship cho đơn từ 1.000.000đ.",3290000,3790000,"Giày Đá Bóng","Giảm giá",http://localhost/web-ban-giay/wp-content/uploads/product-images/shoe-2.jpg,50,0,0.8
145,simple,SHOE-0145,"Under Armour Magnetico Elite 4",1,0,visible,"FormTrue 3D, ôm chân","FormTrue 3D, ôm chân. Sản phẩm chính hãng 100%, bảo hành 12 tháng. Freeship cho đơn từ 1.000.000đ.",3490000,3990000,"Giày Đá Bóng","Giảm giá",http://localhost/web-ban-giay/wp-content/uploads/product-images/shoe-4.jpg,50,0,0.8
146,simple,SHOE-0146,"Nike Streetgato IC",1,0,visible,"Đá Futsal, đế bằng","Đá Futsal, đế bằng. Sản phẩm chính hãng 100%, bảo hành 12 tháng. Freeship cho đơn từ 1.000.000đ.",1690000,1990000,"Giày Đá Bóng","Giảm giá",http://localhost/web-ban-giay/wp-content/uploads/product-images/shoe-3.jpg,50,0,0.8
147,simple,SHOE-0147,"Adidas Top Sala Competition",1,0,visible,"Futsal, EVA đệm","Futsal, EVA đệm. Sản phẩm chính hãng 100%, bảo hành 12 tháng. Freeship cho đơn từ 1.000.000đ.",1290000,1590000,"Giày Đá Bóng","Giảm giá",http://localhost/web-ban-giay/wp-content/uploads/product-images/shoe-1.jpg,50,0,0.8
148,simple,SHOE-0148,"Nike Phantom GX 2 Academy TF",1,0,visible,"Sân cỏ nhân tạo","Sân cỏ nhân tạo. Sản phẩm chính hãng 100%, bảo hành 12 tháng. Freeship cho đơn từ 1.000.000đ.",1790000,2190000,"Giày Đá Bóng","Giảm giá",http://localhost/web-ban-giay/wp-content/uploads/product-images/shoe-9.jpg,50,0,0.8
149,simple,SHOE-0149,"Adidas Predator Freestyle TF",1,0,visible,"TF đa năng, grip","TF đa năng, grip. Sản phẩm chính hãng 100%, bảo hành 12 tháng. Freeship cho đơn từ 1.000.000đ.",1590000,1890000,"Giày Đá Bóng","Giảm giá",http://localhost/web-ban-giay/wp-content/uploads/product-images/shoe-5.jpg,50,0,0.8
150,simple,SHOE-0150,"Joma Top Flex",1,0,visible,"Futsal TF Tây Ban Nha","Futsal TF Tây Ban Nha. Sản phẩm chính hãng 100%, bảo hành 12 tháng. Freeship cho đơn từ 1.000.000đ.",990000,1290000,"Giày Đá Bóng","Giảm giá",http://localhost/web-ban-giay/wp-content/uploads/product-images/shoe-3.jpg,50,0,0.8
151,simple,SHOE-0151,"Adidas Yeezy Slide Onyx",1,1,visible,"EVA một khối, tối giản","EVA một khối, tối giản. Sản phẩm chính hãng 100%, bảo hành 12 tháng. Freeship cho đơn từ 1.000.000đ.",2490000,2890000,"Dép & Sandal","Giảm giá, Bán chạy",http://localhost/web-ban-giay/wp-content/uploads/product-images/shoe-8.jpg,50,0,0.3
152,simple,SHOE-0152,"Nike Burrow Slipper",1,1,visible,"Dép nhà ấm áp, mềm","Dép nhà ấm áp, mềm. Sản phẩm chính hãng 100%, bảo hành 12 tháng. Freeship cho đơn từ 1.000.000đ.",990000,1290000,"Dép & Sandal","Giảm giá, Bán chạy",http://localhost/web-ban-giay/wp-content/uploads/product-images/shoe-10.jpg,50,0,0.3
153,simple,SHOE-0153,"Hoka Ora Recovery Slide 3",1,0,visible,"Đệm phục hồi, CMEVA","Đệm phục hồi, CMEVA. Sản phẩm chính hãng 100%, bảo hành 12 tháng. Freeship cho đơn từ 1.000.000đ.",1290000,1590000,"Dép & Sandal","Giảm giá, Bán chạy",http://localhost/web-ban-giay/wp-content/uploads/product-images/shoe-10.jpg,50,0,0.3
154,simple,SHOE-0154,"New Balance Fresh Foam Slide",1,0,visible,"Fresh Foam êm ái","Fresh Foam êm ái. Sản phẩm chính hãng 100%, bảo hành 12 tháng. Freeship cho đơn từ 1.000.000đ.",890000,1090000,"Dép & Sandal","Giảm giá",http://localhost/web-ban-giay/wp-content/uploads/product-images/shoe-10.jpg,50,0,0.3
155,simple,SHOE-0155,"Under Armour Ignite Select",1,0,visible,"UA Foam đệm tốt","UA Foam đệm tốt. Sản phẩm chính hãng 100%, bảo hành 12 tháng. Freeship cho đơn từ 1.000.000đ.",690000,890000,"Dép & Sandal","Giảm giá",http://localhost/web-ban-giay/wp-content/uploads/product-images/shoe-9.jpg,50,0,0.3
156,simple,SHOE-0156,"Salomon RX Slide 3.0",1,0,visible,"Recovery sau trail run","Recovery sau trail run. Sản phẩm chính hãng 100%, bảo hành 12 tháng. Freeship cho đơn từ 1.000.000đ.",1490000,1890000,"Dép & Sandal","Giảm giá",http://localhost/web-ban-giay/wp-content/uploads/product-images/shoe-8.jpg,50,0,0.3
157,simple,SHOE-0157,"Teva Original Universal",1,0,visible,"Sandal quai chéo classic","Sandal quai chéo classic. Sản phẩm chính hãng 100%, bảo hành 12 tháng. Freeship cho đơn từ 1.000.000đ.",1290000,1590000,"Dép & Sandal","Giảm giá",http://localhost/web-ban-giay/wp-content/uploads/product-images/shoe-4.jpg,50,0,0.3
158,simple,SHOE-0158,"Keen Newport H2",1,0,visible,"Sandal bảo vệ ngón chân","Sandal bảo vệ ngón chân. Sản phẩm chính hãng 100%, bảo hành 12 tháng. Freeship cho đơn từ 1.000.000đ.",2190000,2590000,"Dép & Sandal","Giảm giá",http://localhost/web-ban-giay/wp-content/uploads/product-images/shoe-6.jpg,50,0,0.3
159,simple,SHOE-0159,"Chaco Z/1 Classic",1,0,visible,"Webbing strap, đế Vibram","Webbing strap, đế Vibram. Sản phẩm chính hãng 100%, bảo hành 12 tháng. Freeship cho đơn từ 1.000.000đ.",2490000,2890000,"Dép & Sandal","Giảm giá",http://localhost/web-ban-giay/wp-content/uploads/product-images/shoe-3.jpg,50,0,0.3
160,simple,SHOE-0160,"Dr. Martens Blaire",1,0,visible,"Da nappa, đế Airwair","Da nappa, đế Airwair. Sản phẩm chính hãng 100%, bảo hành 12 tháng. Freeship cho đơn từ 1.000.000đ.",2890000,3290000,"Dép & Sandal","Giảm giá",http://localhost/web-ban-giay/wp-content/uploads/product-images/shoe-7.jpg,50,0,0.3
161,simple,SHOE-0161,"Suicoke Moto-Cab",1,0,visible,"Neoprene strap, Vibram","Neoprene strap, Vibram. Sản phẩm chính hãng 100%, bảo hành 12 tháng. Freeship cho đơn từ 1.000.000đ.",2690000,3090000,"Dép & Sandal","Giảm giá",http://localhost/web-ban-giay/wp-content/uploads/product-images/shoe-3.jpg,50,0,0.3
162,simple,SHOE-0162,"Oofos OOahh Slide",1,0,visible,"Foam phục hồi OOfoam","Foam phục hồi OOfoam. Sản phẩm chính hãng 100%, bảo hành 12 tháng. Freeship cho đơn từ 1.000.000đ.",1190000,1490000,"Dép & Sandal","Giảm giá",http://localhost/web-ban-giay/wp-content/uploads/product-images/shoe-10.jpg,50,0,0.3
163,simple,SHOE-0163,"Ecco Cozmo Slide",1,0,visible,"Da premium Đan Mạch","Da premium Đan Mạch. Sản phẩm chính hãng 100%, bảo hành 12 tháng. Freeship cho đơn từ 1.000.000đ.",1990000,2390000,"Dép & Sandal","Giảm giá",http://localhost/web-ban-giay/wp-content/uploads/product-images/shoe-10.jpg,50,0,0.3
164,simple,SHOE-0164,"Jordan 11 Retro",1,1,visible,"Patent leather biểu tượng","Patent leather biểu tượng. Sản phẩm chính hãng 100%, bảo hành 12 tháng. Freeship cho đơn từ 1.000.000đ.",5990000,6490000,"Giày Thời Trang","Giảm giá, Bán chạy",http://localhost/web-ban-giay/wp-content/uploads/product-images/shoe-5.jpg,50,0,0.8
165,simple,SHOE-0165,"Jordan 3 Retro",1,1,visible,"Elephant print kinh điển","Elephant print kinh điển. Sản phẩm chính hãng 100%, bảo hành 12 tháng. Freeship cho đơn từ 1.000.000đ.",4990000,5490000,"Giày Thời Trang","Giảm giá, Bán chạy",http://localhost/web-ban-giay/wp-content/uploads/product-images/shoe-2.jpg,50,0,0.8
166,simple,SHOE-0166,"Nike Air Rift",1,0,visible,"Split-toe Y2K trend","Split-toe Y2K trend. Sản phẩm chính hãng 100%, bảo hành 12 tháng. Freeship cho đơn từ 1.000.000đ.",2890000,3290000,"Giày Thời Trang","Giảm giá, Bán chạy",http://localhost/web-ban-giay/wp-content/uploads/product-images/shoe-8.jpg,50,0,0.8
167,simple,SHOE-0167,"Adidas Bad Bunny Campus",1,0,visible,"Collab limited edition","Collab limited edition. Sản phẩm chính hãng 100%, bảo hành 12 tháng. Freeship cho đơn từ 1.000.000đ.",3990000,4490000,"Giày Thời Trang","Giảm giá",http://localhost/web-ban-giay/wp-content/uploads/product-images/shoe-4.jpg,50,0,0.8
168,simple,SHOE-0168,"Adidas Handball Spezial",1,0,visible,"Terrace culture icon","Terrace culture icon. Sản phẩm chính hãng 100%, bảo hành 12 tháng. Freeship cho đơn từ 1.000.000đ.",2290000,2690000,"Giày Thời Trang","Giảm giá",http://localhost/web-ban-giay/wp-content/uploads/product-images/shoe-10.jpg,50,0,0.8
169,simple,SHOE-0169,"New Balance 1906R",1,0,visible,"Protection Pack, N-ergy","Protection Pack, N-ergy. Sản phẩm chính hãng 100%, bảo hành 12 tháng. Freeship cho đơn từ 1.000.000đ.",3490000,3990000,"Giày Thời Trang","Giảm giá",http://localhost/web-ban-giay/wp-content/uploads/product-images/shoe-4.jpg,50,0,0.8
170,simple,SHOE-0170,"Asics Gel-Kayano 14",1,0,visible,"2000s retro runner","2000s retro runner. Sản phẩm chính hãng 100%, bảo hành 12 tháng. Freeship cho đơn từ 1.000.000đ.",2890000,3290000,"Giày Thời Trang","Giảm giá",http://localhost/web-ban-giay/wp-content/uploads/product-images/shoe-10.jpg,50,0,0.8
171,simple,SHOE-0171,"Salomon ACS Pro",1,0,visible,"Advanced chassis, trail","Advanced chassis, trail. Sản phẩm chính hãng 100%, bảo hành 12 tháng. Freeship cho đơn từ 1.000.000đ.",3990000,4490000,"Giày Thời Trang","Giảm giá",http://localhost/web-ban-giay/wp-content/uploads/product-images/shoe-8.jpg,50,0,0.8
172,simple,SHOE-0172,"Nike ISPA Link Axis",1,0,visible,"Futuristic, modular","Futuristic, modular. Sản phẩm chính hãng 100%, bảo hành 12 tháng. Freeship cho đơn từ 1.000.000đ.",4290000,4790000,"Giày Thời Trang","Giảm giá",http://localhost/web-ban-giay/wp-content/uploads/product-images/shoe-7.jpg,50,0,0.8
173,simple,SHOE-0173,"Adidas Ozweego",1,0,visible,"Adiprene chunky retro","Adiprene chunky retro. Sản phẩm chính hãng 100%, bảo hành 12 tháng. Freeship cho đơn từ 1.000.000đ.",2190000,2590000,"Giày Thời Trang","Giảm giá",http://localhost/web-ban-giay/wp-content/uploads/product-images/shoe-6.jpg,50,0,0.8
174,simple,SHOE-0174,"Puma Speedcat OG",1,0,visible,"Motorsport heritage","Motorsport heritage. Sản phẩm chính hãng 100%, bảo hành 12 tháng. Freeship cho đơn từ 1.000.000đ.",2490000,2890000,"Giày Thời Trang","Giảm giá",http://localhost/web-ban-giay/wp-content/uploads/product-images/shoe-3.jpg,50,0,0.8
175,simple,SHOE-0175,"Onitsuka Tiger Mexico 66",1,0,visible,"Japanese heritage 1966","Japanese heritage 1966. Sản phẩm chính hãng 100%, bảo hành 12 tháng. Freeship cho đơn từ 1.000.000đ.",2690000,3090000,"Giày Thời Trang","Giảm giá",http://localhost/web-ban-giay/wp-content/uploads/product-images/shoe-9.jpg,50,0,0.8
176,simple,SHOE-0176,"Maison Mihara Yasuhiro Peterson",1,0,visible,"Canvas distressed art","Canvas distressed art. Sản phẩm chính hãng 100%, bảo hành 12 tháng. Freeship cho đơn từ 1.000.000đ.",3290000,3790000,"Giày Thời Trang","Giảm giá",http://localhost/web-ban-giay/wp-content/uploads/product-images/shoe-9.jpg,50,0,0.8
177,simple,SHOE-0177,"Nike Dri-FIT No-Show Socks 6P",1,1,visible,"6 đôi vớ ngắn thể thao","6 đôi vớ ngắn thể thao. Sản phẩm chính hãng 100%, bảo hành 12 tháng. Freeship cho đơn từ 1.000.000đ.",490000,590000,"Phụ Kiện","Giảm giá, Bán chạy",http://localhost/web-ban-giay/wp-content/uploads/product-images/shoe-9.jpg,50,0,0.2
178,simple,SHOE-0178,"Adidas Cushioned Ankle Socks 3P",1,1,visible,"3 đôi vớ cổ ngắn đệm","3 đôi vớ cổ ngắn đệm. Sản phẩm chính hãng 100%, bảo hành 12 tháng. Freeship cho đơn từ 1.000.000đ.",280000,350000,"Phụ Kiện","Giảm giá, Bán chạy",http://localhost/web-ban-giay/wp-content/uploads/product-images/shoe-1.jpg,50,0,0.2
179,simple,SHOE-0179,"Stance Run Tab Socks",1,0,visible,"Vớ chạy bộ siêu mỏng","Vớ chạy bộ siêu mỏng. Sản phẩm chính hãng 100%, bảo hành 12 tháng. Freeship cho đơn từ 1.000.000đ.",290000,390000,"Phụ Kiện","Giảm giá, Bán chạy",http://localhost/web-ban-giay/wp-content/uploads/product-images/shoe-6.jpg,50,0,0.2
180,simple,SHOE-0180,"Reshoevn8r Shoe Cleaner",1,0,visible,"Dung dịch vệ sinh pro","Dung dịch vệ sinh pro. Sản phẩm chính hãng 100%, bảo hành 12 tháng. Freeship cho đơn từ 1.000.000đ.",490000,590000,"Phụ Kiện","Giảm giá",http://localhost/web-ban-giay/wp-content/uploads/product-images/shoe-5.jpg,50,0,0.2
181,simple,SHOE-0181,"Angelus Leather Paint Kit",1,0,visible,"Bộ sơn custom giày","Bộ sơn custom giày. Sản phẩm chính hãng 100%, bảo hành 12 tháng. Freeship cho đơn từ 1.000.000đ.",690000,890000,"Phụ Kiện","Giảm giá",http://localhost/web-ban-giay/wp-content/uploads/product-images/shoe-9.jpg,50,0,0.2
182,simple,SHOE-0182,"Foam Fresh Deodorizer",1,0,visible,"Xịt khử mùi giày","Xịt khử mùi giày. Sản phẩm chính hãng 100%, bảo hành 12 tháng. Freeship cho đơn từ 1.000.000đ.",190000,290000,"Phụ Kiện","Giảm giá",http://localhost/web-ban-giay/wp-content/uploads/product-images/shoe-10.jpg,50,0,0.2
183,simple,SHOE-0183,"Drop Front Shoe Box Clear",1,0,visible,"Hộp đựng giày trong suốt","Hộp đựng giày trong suốt. Sản phẩm chính hãng 100%, bảo hành 12 tháng. Freeship cho đơn từ 1.000.000đ.",250000,350000,"Phụ Kiện","Giảm giá",http://localhost/web-ban-giay/wp-content/uploads/product-images/shoe-5.jpg,50,0,0.2
184,simple,SHOE-0184,"Nike Brasilia Duffel Bag M",1,0,visible,"Túi thể thao 60L","Túi thể thao 60L. Sản phẩm chính hãng 100%, bảo hành 12 tháng. Freeship cho đơn từ 1.000.000đ.",890000,1190000,"Phụ Kiện","Giảm giá",http://localhost/web-ban-giay/wp-content/uploads/product-images/shoe-4.jpg,50,0,0.2
185,simple,SHOE-0185,"Adidas Defender Duffle",1,0,visible,"Túi gym bền bỉ","Túi gym bền bỉ. Sản phẩm chính hãng 100%, bảo hành 12 tháng. Freeship cho đơn từ 1.000.000đ.",790000,990000,"Phụ Kiện","Giảm giá",http://localhost/web-ban-giay/wp-content/uploads/product-images/shoe-5.jpg,50,0,0.2
186,simple,SHOE-0186,"Nike Tech Backpack",1,0,visible,"Balo tech cao cấp","Balo tech cao cấp. Sản phẩm chính hãng 100%, bảo hành 12 tháng. Freeship cho đơn từ 1.000.000đ.",1290000,1590000,"Phụ Kiện","Giảm giá",http://localhost/web-ban-giay/wp-content/uploads/product-images/shoe-8.jpg,50,0,0.2
187,simple,SHOE-0187,"3M Reflective Laces",1,0,visible,"Dây giày phản quang","Dây giày phản quang. Sản phẩm chính hãng 100%, bảo hành 12 tháng. Freeship cho đơn từ 1.000.000đ.",120000,190000,"Phụ Kiện","Giảm giá",http://localhost/web-ban-giay/wp-content/uploads/product-images/shoe-8.jpg,50,0,0.2
188,simple,SHOE-0188,"Boost Comfort Insole",1,0,visible,"Lót giày Boost đệm êm","Lót giày Boost đệm êm. Sản phẩm chính hãng 100%, bảo hành 12 tháng. Freeship cho đơn từ 1.000.000đ.",290000,390000,"Phụ Kiện","Giảm giá",http://localhost/web-ban-giay/wp-content/uploads/product-images/shoe-8.jpg,50,0,0.2
189,simple,SHOE-0189,"Sole Protector Film",1,0,visible,"Miếng dán bảo vệ đế","Miếng dán bảo vệ đế. Sản phẩm chính hãng 100%, bảo hành 12 tháng. Freeship cho đơn từ 1.000.000đ.",190000,290000,"Phụ Kiện","Giảm giá",http://localhost/web-ban-giay/wp-content/uploads/product-images/shoe-7.jpg,50,0,0.2
190,simple,SHOE-0190,"Shoe Cleaning Brush Set 3P",1,0,visible,"Bộ 3 bàn chải vệ sinh","Bộ 3 bàn chải vệ sinh. Sản phẩm chính hãng 100%, bảo hành 12 tháng. Freeship cho đơn từ 1.000.000đ.",250000,350000,"Phụ Kiện","Giảm giá",http://localhost/web-ban-giay/wp-content/uploads/product-images/shoe-6.jpg,50,0,0.2
